{
    "Adhapalli": {
        "area_ha": 71.62575303587623,
        "cf_ex_ante": -0.0439483229571983,
        "cf_ex_post": -0.06418768268999744,
        "model_ex_ante": 1.2598475724188376,
        "model_ex_post": 6.432409434468805,
        "udef_arp": 1.4363871281446263
    },
    "Kampulei": {
        "area_ha": 213.04235534616853,
        "cf_ex_ante": 0.20355031277656904,
        "cf_ex_post": 0.02660032496511982,
        "model_ex_ante": 2.9842654106492685,
        "model_ex_post": 25.245665149088033,
        "udef_arp": 1.5232725302048493
    },
    "Balikurma": {
        "area_ha": 127.96142197386057,
        "cf_ex_ante": -0.09600817997677169,
        "cf_ex_post": 0.015615788982323256,
        "model_ex_ante": 3.8410698530668244,
        "model_ex_post": 18.97897410175989,
        "udef_arp": 1.7655463752637268
    },
    "Pangatira": {
        "area_ha": 42.79190456869158,
        "cf_ex_ante": -0.02311321160095835,
        "cf_ex_post": -0.05373821834127262,
        "model_ex_ante": 2.4971860011509293,
        "model_ex_post": 6.354359073438085,
        "udef_arp": 0.8771548305416002
    },
    "Mahabirod": {
        "area_ha": 50.67461042987024,
        "cf_ex_ante": 0.031219844556832868,
        "cf_ex_post": 0.0,
        "model_ex_ante": 0.5422217403121696,
        "model_ex_post": 4.297377077962543,
        "udef_arp": 0.3826235122360231
    },
    "Kerijoli": {
        "area_ha": 9.57565159152228,
        "cf_ex_ante": 0.0034681597804326124,
        "cf_ex_post": 0.0,
        "model_ex_ante": 0.2180666082449206,
        "model_ex_post": 1.1097165791408834,
        "udef_arp": 0.3186945824418217
    }
}